,driverId,number,code,name
0,1,44,HAM,Lewis Hamilton
1,2,\N,HEI,Nick Heidfeld
2,3,6,ROS,Nico Rosberg
3,4,14,ALO,Fernando Alonso
4,5,\N,KOV,Heikki Kovalainen
5,6,\N,NAK,Kazuki Nakajima
6,7,\N,BOU,Sébastien Bourdais
7,8,7,RAI,Kimi Räikkönen
8,9,88,KUB,Robert Kubica
9,10,\N,GLO,Timo Glock
10,11,\N,SAT,Takuma Sato
11,12,\N,PIQ,Nelson Piquet Jr.
12,13,19,MAS,Felipe Massa
13,14,\N,COU,David Coulthard
14,15,\N,TRU,Jarno Trulli
15,16,99,SUT,Adrian Sutil
16,17,\N,WEB,Mark Webber
17,18,22,BUT,Jenson Button
18,19,\N,DAV,Anthony Davidson
19,20,5,VET,Sebastian Vettel
20,21,\N,FIS,Giancarlo Fisichella
21,22,\N,BAR,Rubens Barrichello
22,23,\N,SCH,Ralf Schumacher
23,24,\N,LIU,Vitantonio Liuzzi
24,25,\N,WUR,Alexander Wurz
25,26,\N,SPE,Scott Speed
26,27,\N,ALB,Christijan Albers
27,28,\N,WIN,Markus Winkelhock
28,29,\N,YAM,Sakon Yamamoto
29,30,\N,MSC,Michael Schumacher
30,31,\N,MON,Juan Pablo Montoya
31,32,\N,KLI,Christian Klien
32,33,\N,TMO,Tiago Monteiro
33,34,\N,IDE,Yuji Ide
34,35,\N,VIL,Jacques Villeneuve
35,36,\N,FMO,Franck Montagny
36,37,\N,DLR,Pedro de la Rosa
37,38,\N,DOO,Robert Doornbos
38,39,\N,KAR,Narain Karthikeyan
39,40,\N,FRI,Patrick Friesacher
40,41,\N,ZON,Ricardo Zonta
41,42,\N,PIZ,Antônio Pizzonia
42,43,\N,\N,Cristiano da Matta
43,44,\N,\N,Olivier Panis
44,45,\N,\N,Giorgio Pantano
45,46,\N,\N,Gianmaria Bruni
46,47,\N,\N,Zsolt Baumgartner
47,48,\N,\N,Marc Gené
48,49,\N,\N,Heinz-Harald Frentzen
49,50,\N,\N,Jos Verstappen
50,51,\N,\N,Justin Wilson
51,52,\N,\N,Ralph Firman
52,53,\N,\N,Nicolas Kiesa
53,54,\N,\N,Luciano Burti
54,55,\N,\N,Jean Alesi
55,56,\N,\N,Eddie Irvine
56,57,\N,\N,Mika Häkkinen
57,58,\N,\N,Tarso Marques
58,59,\N,\N,Enrique Bernoldi
59,60,\N,\N,Gastón Mazzacane
60,61,\N,\N,Tomáš Enge
61,62,\N,\N,Alex Yoong
62,63,\N,\N,Mika Salo
63,64,\N,\N,Pedro Diniz
64,65,\N,\N,Johnny Herbert
65,66,\N,\N,Allan McNish
66,67,\N,BUE,Sébastien Buemi
67,68,\N,\N,Toranosuke Takagi
68,69,\N,BAD,Luca Badoer
69,70,\N,\N,Alessandro Zanardi
70,71,\N,\N,Damon Hill
71,72,\N,\N,Stéphane Sarrazin
72,73,\N,\N,Ricardo Rosset
73,74,\N,\N,Esteban Tuero
74,75,\N,\N,Shinji Nakano
75,76,\N,MAG,Jan Magnussen
76,77,\N,\N,Gerhard Berger
77,78,\N,\N,Nicola Larini
78,79,\N,\N,Ukyo Katayama
79,80,\N,\N,Vincenzo Sospiri
80,81,\N,\N,Gianni Morbidelli
81,82,\N,\N,Norberto Fontana
82,83,\N,\N,Pedro Lamy
83,84,\N,\N,Martin Brundle
84,85,\N,\N,Andrea Montermini
85,86,\N,\N,Giovanni Lavaggi
86,87,\N,\N,Mark Blundell
87,88,\N,\N,Aguri Suzuki
88,89,\N,\N,Taki Inoue
89,90,\N,\N,Roberto Moreno
90,91,\N,\N,Karl Wendlinger
91,92,\N,\N,Bertrand Gachot
92,93,\N,\N,Domenico Schiattarella
93,94,\N,\N,Pierluigi Martini
94,95,\N,\N,Nigel Mansell
95,96,\N,\N,Jean-Christophe Boullion
96,97,\N,\N,Massimiliano Papis
97,98,\N,\N,Jean-Denis Délétraz
98,99,\N,\N,Gabriele Tarquini
99,100,\N,\N,Érik Comas
100,101,\N,\N,David Brabham
101,102,\N,\N,Ayrton Senna
102,103,\N,\N,Éric Bernard
103,104,\N,\N,Christian Fittipaldi
104,105,\N,\N,Michele Alboreto
105,106,\N,\N,Olivier Beretta
106,107,\N,\N,Roland Ratzenberger
107,108,\N,\N,Paul Belmondo
108,109,\N,\N,Jyrki Järvilehto
109,110,\N,\N,Andrea de Cesaris
110,111,\N,\N,Jean-Marc Gounon
111,112,\N,\N,Philippe Alliot
112,113,\N,\N,Philippe Adams
113,114,\N,\N,Yannick Dalmas
114,115,\N,\N,Hideki Noda
115,116,\N,\N,Franck Lagorce
116,117,\N,\N,Alain Prost
117,118,\N,\N,Derek Warwick
118,119,\N,\N,Riccardo Patrese
119,120,\N,\N,Fabrizio Barbazza
120,121,\N,\N,Michael Andretti
121,122,\N,\N,Ivan Capelli
122,123,\N,\N,Thierry Boutsen
123,124,\N,\N,Marco Apicella
124,125,\N,\N,Emanuele Naspetti
125,126,\N,\N,Toshio Suzuki
126,127,\N,\N,Maurício Gugelmin
127,128,\N,\N,Eric van de Poele
128,129,\N,\N,Olivier Grouillard
129,130,\N,\N,Andrea Chiesa
130,131,\N,\N,Stefano Modena
131,132,\N,\N,Giovanna Amati
132,133,\N,\N,Alex Caffi
133,134,\N,\N,Enrico Bertaggia
134,135,\N,\N,Perry McCarthy
135,136,\N,\N,Jan Lammers
136,137,\N,\N,Nelson Piquet
137,138,\N,\N,Satoru Nakajima
138,139,\N,\N,Emanuele Pirro
139,140,\N,\N,Stefan Johansson
140,141,\N,\N,Julian Bailey
141,142,\N,\N,Pedro Chaves
142,143,\N,\N,Michael Bartels
143,144,\N,\N,Naoki Hattori
144,145,\N,\N,Alessandro Nannini
145,146,\N,\N,Bernd Schneider
146,147,\N,\N,Paolo Barilla
147,148,\N,\N,Gregor Foitek
148,149,\N,\N,Claudio Langes
149,150,\N,\N,Gary Brabham
150,151,\N,\N,Martin Donnelly
151,152,\N,\N,Bruno Giacomelli
152,153,\N,ALG,Jaime Alguersuari
153,154,8,GRO,Romain Grosjean
154,155,10,KOB,Kamui Kobayashi
155,156,\N,\N,Jonathan Palmer
156,157,\N,\N,Christian Danner
157,158,\N,\N,Eddie Cheever
158,159,\N,\N,Luis Pérez-Sala
159,160,\N,\N,Piercarlo Ghinzani
160,161,\N,\N,Volker Weidler
161,162,\N,\N,Pierre-Henri Raphanel
162,163,\N,\N,René Arnoux
163,164,\N,\N,Joachim Winkelhock
164,165,\N,\N,Oscar Larrauri
165,166,\N,\N,Philippe Streiff
166,167,\N,\N,Adrián Campos
167,168,\N,\N,Jean-Louis Schlesser
168,169,\N,\N,Pascal Fabre
169,170,\N,\N,Teo Fabi
170,171,\N,\N,Franco Forini
171,172,\N,\N,Jacques Laffite
172,173,\N,\N,Elio de Angelis
173,174,\N,\N,Johnny Dumfries
174,175,\N,\N,Patrick Tambay
175,176,\N,\N,Marc Surer
176,177,\N,\N,Keke Rosberg
177,178,\N,\N,Alan Jones
178,179,\N,\N,Huub Rothengatter
179,180,\N,\N,Allen Berg
180,181,\N,\N,Manfred Winkelhock
181,182,\N,\N,Niki Lauda
182,183,\N,\N,François Hesnault
183,184,\N,\N,Mauro Baldi
184,185,\N,\N,Stefan Bellof
185,186,\N,\N,Kenny Acheson
186,187,\N,\N,John Watson
187,188,\N,\N,Johnny Cecotto
188,189,\N,\N,Jo Gartner
189,190,\N,\N,Corrado Fabi
190,191,\N,\N,Mike Thackwell
191,192,\N,\N,Chico Serra
192,193,\N,\N,Danny Sullivan
193,194,\N,\N,Eliseo Salazar
194,195,\N,\N,Roberto Guerrero
195,196,\N,\N,Raul Boesel
196,197,\N,\N,Jean-Pierre Jarier
197,198,\N,\N,Jacques Villeneuve Sr.
198,199,\N,\N,Carlos Reutemann
199,200,\N,\N,Jochen Mass
200,201,\N,\N,Slim Borgudd
201,202,\N,\N,Didier Pironi
202,203,\N,\N,Gilles Villeneuve
203,204,\N,\N,Riccardo Paletti
204,205,\N,\N,Brian Henton
205,206,\N,\N,Derek Daly
206,207,\N,\N,Mario Andretti
207,208,\N,\N,Emilio de Villota
208,209,\N,\N,Geoff Lees
209,210,\N,\N,Tommy Byrne
210,211,\N,\N,Rupert Keegan
211,212,\N,\N,Hector Rebaque
212,213,\N,\N,Beppe Gabbiani
213,214,\N,\N,Kevin Cogan
214,215,\N,\N,Miguel Ángel Guerra
215,216,\N,\N,Siegfried Stohr
216,217,\N,\N,Ricardo Zunino
217,218,\N,\N,Ricardo Londoño
218,219,\N,\N,Jean-Pierre Jabouille
219,220,\N,\N,Giorgio Francia
220,221,\N,\N,Patrick Depailler
221,222,\N,\N,Jody Scheckter
222,223,\N,\N,Clay Regazzoni
223,224,\N,\N,Emerson Fittipaldi
224,225,\N,\N,Dave Kennedy
225,226,\N,\N,Stephen South
226,227,\N,\N,Tiff Needell
227,228,\N,\N,Desiré Wilson
228,229,\N,\N,Harald Ertl
229,230,\N,\N,Vittorio Brambilla
230,231,\N,\N,James Hunt
231,232,\N,\N,Arturo Merzario
232,233,\N,\N,Hans-Joachim Stuck
233,234,\N,\N,Gianfranco Brancatelli
234,235,\N,\N,Jacky Ickx
235,236,\N,\N,Patrick Gaillard
236,237,\N,\N,Alex Ribeiro
237,238,\N,\N,Ronnie Peterson
238,239,\N,\N,Brett Lunger
239,240,\N,\N,Danny Ongais
240,241,\N,\N,Lamberto Leoni
241,242,\N,\N,Divina Galica
242,243,\N,\N,Rolf Stommelen
243,244,\N,\N,Alberto Colombo
244,245,\N,\N,Tony Trimmer
245,246,\N,\N,Hans Binder
246,247,\N,\N,Michael Bleekemolen
247,248,\N,\N,Carlo Franchi
248,249,\N,\N,Bobby Rahal
249,250,\N,\N,Carlos Pace
250,251,\N,\N,Ian Scheckter
251,252,\N,\N,Tom Pryce
252,253,\N,\N,Ingo Hoffmann
253,254,\N,\N,Renzo Zorzi
254,255,\N,\N,Gunnar Nilsson
255,256,\N,\N,Larry Perkins
256,257,\N,\N,Boy Lunger
257,258,\N,\N,Patrick Nève
258,259,\N,\N,David Purley
259,260,\N,\N,Conny Andersson
260,261,\N,\N,Bernard de Dryver
261,262,\N,\N,Jackie Oliver
262,263,\N,\N,Mikko Kozarowitzky
263,264,\N,\N,Andy Sutcliffe
264,265,\N,\N,Guy Edwards
265,266,\N,\N,Brian McGuire
266,267,\N,\N,Vern Schuppan
267,268,\N,\N,Hans Heyer
268,269,\N,\N,Teddy Pilette
269,270,\N,\N,Ian Ashley
270,271,\N,\N,Loris Kessel
271,272,\N,\N,Kunimitsu Takahashi
272,273,\N,\N,Kazuyoshi Hoshino
273,274,\N,\N,Noritake Takahara
274,275,\N,\N,Lella Lombardi
275,276,\N,\N,Bob Evans
276,277,\N,\N,Michel Leclère
277,278,\N,\N,Chris Amon
278,279,\N,\N,Emilio Zapico
279,280,\N,\N,Henri Pescarolo
280,281,\N,\N,Jac Nelleman
281,282,\N,\N,Damien Magee
282,283,\N,\N,Mike Wilds
283,284,\N,\N,Alessandro Pesenti-Rossi
284,285,\N,\N,Otto Stuppacher
285,286,\N,\N,Warwick Brown
286,287,\N,\N,Masahiro Hasemi
287,288,\N,\N,Mark Donohue
288,289,\N,\N,Graham Hill
289,290,\N,\N,Wilson Fittipaldi
290,291,\N,\N,Guy Tunmer
291,292,\N,\N,Eddie Keizan
292,293,\N,\N,Dave Charlton
293,294,\N,\N,Tony Brise
294,295,\N,\N,Roelof Wunderink
295,296,\N,\N,François Migault
296,297,\N,\N,Torsten Palm
297,298,\N,\N,Gijs van Lennep
298,299,\N,\N,Hiroshi Fushida
299,300,\N,\N,John Nicholson
300,301,\N,\N,Dave Morgan
301,302,\N,\N,Jim Crawford
302,303,\N,\N,Jo Vonlanthen
303,304,\N,\N,Denny Hulme
304,305,\N,\N,Mike Hailwood
305,306,\N,\N,Jean-Pierre Beltoise
306,307,\N,\N,Howden Ganley
307,308,\N,\N,Richard Robarts
308,309,\N,\N,Peter Revson
309,310,\N,\N,Paddy Driver
310,311,\N,\N,Tom Belsø
311,312,\N,\N,Brian Redman
312,313,\N,\N,Rikky von Opel
313,314,\N,\N,Tim Schenken
314,315,\N,\N,Gérard Larrousse
315,316,\N,\N,Leo Kinnunen
316,317,\N,\N,Reine Wisell
317,318,\N,\N,Bertil Roos
318,319,\N,\N,José Dolhem
319,320,\N,\N,Peter Gethin
320,321,\N,\N,Derek Bell
321,322,\N,\N,David Hobbs
322,323,\N,\N,Dieter Quester
323,324,\N,\N,Helmuth Koinigg
324,325,\N,\N,Carlo Facetti
325,326,\N,\N,Eppie Wietzes
326,327,\N,\N,François Cevert
327,328,\N,\N,Jackie Stewart
328,329,\N,\N,Mike Beuttler
329,330,\N,\N,Nanni Galli
330,331,\N,\N,Luiz Bueno
331,332,\N,\N,George Follmer
332,333,\N,\N,Andrea de Adamich
333,334,\N,\N,Jackie Pretorius
334,335,\N,\N,Roger Williamson
335,336,\N,\N,Graham McRae
336,337,\N,\N,Helmut Marko
337,338,\N,\N,David Walker
338,339,\N,\N,Alex Soler-Roig
339,340,\N,\N,John Love
340,341,\N,\N,John Surtees
341,342,\N,\N,Skip Barber
342,343,\N,\N,Bill Brack
343,344,\N,\N,Sam Posey
344,345,\N,\N,Pedro Rodríguez
345,346,\N,\N,Jo Siffert
346,347,\N,\N,Jo Bonnier
347,348,\N,\N,François Mazet
348,349,\N,\N,Max Jean
349,350,\N,\N,Vic Elford
350,351,\N,\N,Silvio Moser
351,352,\N,\N,George Eaton
352,353,\N,\N,Pete Lovely
353,354,\N,\N,Chris Craft
354,355,\N,\N,John Cannon
355,356,\N,\N,Jack Brabham
356,357,\N,\N,John Miles
357,358,\N,\N,Jochen Rindt
358,359,\N,\N,Johnny Servoz-Gavin
359,360,\N,\N,Bruce McLaren
360,361,\N,\N,Piers Courage
361,362,\N,\N,Peter de Klerk
362,363,\N,\N,Ignazio Giunti
363,364,\N,\N,Dan Gurney
364,365,\N,\N,Hubert Hahne
365,366,\N,\N,Gus Hutchison
366,367,\N,\N,Peter Westbury
367,368,\N,\N,Sam Tingle
368,369,\N,\N,Basil van Rooyen
369,370,\N,\N,Richard Attwood
370,371,\N,\N,Al Pease
371,372,\N,\N,John Cordts
372,373,\N,\N,Jim Clark
373,374,\N,\N,Mike Spence
374,375,\N,\N,Ludovico Scarfiotti
375,376,\N,BIA,Lucien Bianchi
376,377,\N,\N,Jo Schlesser
377,378,\N,\N,Robin Widdows
378,379,\N,\N,Kurt Ahrens
379,380,\N,\N,Frank Gardner
380,381,\N,\N,Bobby Unser
381,382,\N,\N,Moisés Solana
382,383,\N,\N,Bob Anderson
383,384,\N,\N,Luki Botha
384,385,\N,\N,Lorenzo Bandini
385,386,\N,\N,Richie Ginther
386,387,\N,\N,Mike Parkes
387,388,\N,\N,Chris Irwin
388,389,\N,\N,Guy Ligier
389,390,\N,\N,Alan Rees
390,391,\N,\N,Brian Hart
391,392,\N,\N,Mike Fisher
392,393,\N,\N,Tom Jones
393,394,\N,\N,Giancarlo Baghetti
394,395,\N,\N,Jonathan Williams
395,396,\N,\N,Bob Bondurant
396,397,\N,\N,Peter Arundell
397,398,\N,\N,Vic Wilson
398,399,\N,\N,John Taylor
399,400,\N,\N,Chris Lawrence
400,401,\N,\N,Trevor Taylor
401,402,\N,\N,Giacomo Russo
402,403,\N,\N,Phil Hill
403,404,\N,\N,Innes Ireland
404,405,\N,\N,Ronnie Bucknum
405,406,\N,\N,Paul Hawkins
406,407,\N,\N,David Prophet
407,408,\N,\N,Tony Maggs
408,409,\N,\N,Trevor Blokdyk
409,410,\N,\N,Neville Lederle
410,411,\N,\N,Doug Serrurier
411,412,\N,\N,Brausch Niemann
412,413,\N,\N,Ernie Pieterse
413,414,\N,\N,Clive Puzey
414,415,\N,\N,Ray Reed
415,416,\N,\N,David Clapham
416,417,\N,\N,Alex Blignaut
417,418,\N,\N,Masten Gregory
418,419,\N,\N,John Rhodes
419,420,\N,\N,Ian Raby
420,421,\N,\N,Alan Rollinson
421,422,\N,\N,Brian Gubby
422,423,\N,\N,Gerhard Mitter
423,424,\N,\N,Roberto Bussinello
424,425,\N,\N,Nino Vaccarella
425,426,\N,\N,Giorgio Bassi
426,427,\N,\N,Maurice Trintignant
427,428,\N,\N,Bernard Collomb
428,429,\N,\N,André Pilette
429,430,\N,\N,Carel Godin de Beaufort
430,431,\N,\N,Edgar Barth
431,432,\N,\N,Mário de Araújo Cabral
432,433,\N,\N,Walt Hansgen
433,434,\N,\N,Hap Sharp
434,435,\N,\N,Willy Mairesse
435,436,\N,\N,John Campbell-Jones
436,437,\N,\N,Ian Burgess
437,438,\N,\N,Tony Settember
438,439,\N,\N,Nasif Estéfano
439,440,\N,\N,Jim Hall
440,441,\N,\N,Tim Parnell
441,442,\N,\N,Kurt Kuhnke
442,443,\N,\N,Ernesto Brambilla
443,444,\N,\N,Roberto Lippi
444,445,\N,\N,Günther Seiffert
445,446,\N,\N,Carlo Abate
446,447,\N,\N,Gaetano Starrabba
447,448,\N,\N,Peter Broeker
448,449,\N,\N,Rodger Ward
449,450,\N,\N,Ernie de Vos
450,451,\N,\N,Frank Dochnal
451,452,\N,\N,Thomas Monarch
452,842,10,GAS,Pierre Gasly
453,453,\N,\N,Jackie Lewis
454,454,\N,\N,Ricardo Rodríguez
455,455,\N,\N,Wolfgang Seidel
456,456,\N,\N,Roy Salvadori
457,457,\N,\N,Ben Pon
458,458,\N,\N,Rob Slotemaker
459,459,\N,\N,Tony Marsh
460,460,\N,\N,Gerry Ashmore
461,461,\N,\N,Heinz Schiller
462,462,\N,\N,Colin Davis
463,463,\N,\N,Jay Chamberlain
464,464,\N,\N,Tony Shelly
465,465,\N,\N,Keith Greene
466,466,\N,\N,Heini Walter
467,467,\N,\N,Ernesto Prinoth
468,468,\N,\N,Roger Penske
469,469,\N,\N,Rob Schroeder
470,470,\N,\N,Timmy Mayer
471,471,\N,\N,Bruce Johnstone
472,472,\N,\N,Mike Harris
473,473,\N,\N,Gary Hocking
474,474,\N,\N,Syd van der Vyver
475,475,\N,\N,Stirling Moss
476,476,\N,\N,Wolfgang von Trips
477,477,\N,\N,Cliff Allison
478,478,\N,\N,Hans Herrmann
479,479,\N,\N,Tony Brooks
480,480,\N,\N,Michael May
481,481,\N,\N,Henry Taylor
482,482,\N,\N,Olivier Gendebien
483,483,\N,\N,Giorgio Scarlatti
484,484,\N,\N,Brian Naylor
485,485,\N,\N,Juan Manuel Bordeu
486,486,\N,\N,Jack Fairman
487,487,\N,\N,Massimo Natili
488,488,\N,\N,Peter Monteverdi
489,489,\N,\N,Renato Pirocchi
490,490,\N,\N,Geoff Duke
491,491,\N,\N,Alfonso Thiele
492,492,\N,\N,Menato Boffa
493,493,\N,\N,Peter Ryan
494,494,\N,\N,Lloyd Ruby
495,495,\N,\N,Ken Miles
496,496,\N,\N,Carlos Menditeguy
497,497,\N,\N,Alberto Rodriguez Larreta
498,498,\N,\N,José Froilán González
499,499,\N,\N,Roberto Bonomi
500,500,\N,\N,Gino Munaron
501,501,\N,\N,Harry Schell
502,502,\N,\N,Alan Stacey
503,503,\N,\N,Ettore Chimeri
504,504,\N,\N,Antonio Creus
505,505,\N,\N,Chris Bristow
506,506,\N,\N,Bruce Halford
507,507,\N,\N,Chuck Daigh
508,508,\N,\N,Lance Reventlow
509,509,\N,\N,Jim Rathmann
510,510,\N,\N,Paul Goldsmith
511,511,\N,\N,Don Branson
512,512,\N,\N,Johnny Thomson
513,513,\N,\N,Eddie Johnson
514,514,\N,\N,Bob Veith
515,515,\N,\N,Bud Tingelstad
516,516,\N,\N,Bob Christie
517,517,\N,\N,Red Amick
518,518,\N,\N,Duane Carter
519,519,\N,\N,Bill Homeier
520,520,\N,\N,Gene Hartley
521,521,\N,\N,Chuck Stevenson
522,522,\N,\N,Bobby Grim
523,523,\N,\N,Shorty Templeman
524,524,\N,\N,Jim Hurtubise
525,525,\N,\N,Jimmy Bryan
526,526,\N,\N,Troy Ruttman
527,527,\N,\N,Eddie Sachs
528,528,\N,\N,Don Freeland
529,529,\N,\N,Tony Bettenhausen
530,530,\N,\N,Wayne Weiler
531,531,\N,\N,Anthony Foyt
532,532,\N,\N,Eddie Russo
533,533,\N,\N,Johnny Boyd
534,534,\N,\N,Gene Force
535,535,\N,\N,Jim McWithey
536,536,\N,\N,Len Sutton
537,537,\N,\N,Dick Rathmann
538,538,\N,\N,Al Herman
539,539,\N,\N,Dempsey Wilson
540,540,\N,\N,Mike Taylor
541,541,\N,\N,Ron Flockhart
542,542,\N,\N,David Piper
543,543,\N,\N,Giulio Cabianca
544,544,\N,\N,Piero Drogo
545,545,\N,\N,Fred Gamble
546,546,\N,\N,Arthur Owen
547,547,\N,\N,Horace Gould
548,548,\N,\N,Bob Drake
549,549,\N,\N,Ivor Bueb
550,550,\N,\N,Alain de Changy
551,551,\N,\N,Maria de Filippis
552,552,\N,\N,Jean Lucienbonnet
553,553,\N,\N,André Testut
554,554,\N,\N,Jean Behra
555,555,\N,\N,Paul Russo
556,556,\N,\N,Jimmy Daywalt
557,557,\N,\N,Chuck Arnold
558,558,\N,\N,Al Keller
559,559,\N,\N,Pat Flaherty
560,560,\N,\N,Bill Cheesbourg
561,561,\N,\N,Ray Crawford
562,562,\N,\N,Jack Turner
563,563,\N,\N,Chuck Weyant
564,564,\N,\N,Jud Larson
565,565,\N,\N,Mike Magill
566,566,\N,\N,Carroll Shelby
567,567,\N,\N,Fritz d'Orey
568,568,\N,\N,Azdrubal Fontes
569,569,\N,\N,Peter Ashdown
570,570,\N,\N,Bill Moss
571,571,\N,\N,Dennis Taylor
572,572,\N,\N,Harry Blanchard
573,573,\N,\N,Alessandro de Tomaso
574,574,\N,\N,George Constantine
575,575,\N,\N,Bob Said
576,576,\N,\N,Phil Cade
577,577,\N,\N,Luigi Musso
578,578,\N,\N,Mike Hawthorn
579,579,\N,\N,Juan Fangio
580,580,\N,\N,Paco Godia
581,581,\N,\N,Peter Collins
582,582,\N,\N,Ken Kavanagh
583,583,\N,\N,Gerino Gerini
584,584,\N,\N,Bruce Kessler
585,585,\N,\N,Paul Emery
586,586,\N,\N,Luigi Piotti
587,587,\N,\N,Bernie Ecclestone
588,588,\N,\N,Luigi Taramazzo
589,589,\N,\N,Louis Chiron
590,590,\N,\N,Stuart Lewis-Evans
591,591,\N,\N,George Amick
592,592,\N,\N,Jimmy Reece
593,593,\N,\N,Johnnie Parsons
594,594,\N,\N,Johnnie Tolan
595,595,\N,\N,Billy Garrett
596,596,\N,\N,Ed Elisian
597,597,\N,\N,Pat O'Connor
598,598,\N,\N,Jerry Unser
599,599,\N,\N,Art Bisch
600,600,\N,\N,Christian Goethals
601,601,\N,\N,Dick Gibson
602,602,\N,\N,Robert La Caze
603,603,\N,\N,André Guelfi
604,604,\N,\N,François Picard
605,605,\N,\N,Tom Bridger
606,606,\N,\N,Alfonso de Portago
607,607,\N,\N,Cesare Perdisa
608,608,\N,\N,Eugenio Castellotti
609,609,\N,\N,André Simon
610,610,\N,\N,Les Leston
611,611,\N,\N,Sam Hanks
612,612,\N,\N,Andy Linden
613,613,\N,\N,Marshall Teague
614,614,\N,\N,Don Edmunds
615,615,\N,\N,Fred Agabashian
616,616,\N,\N,Elmer George
617,617,\N,\N,Mike MacDowel
618,618,\N,\N,Herbert MacKay-Fraser
619,619,\N,\N,Bob Gerard
620,620,\N,\N,Umberto Maglioli
621,621,\N,\N,Paul England
622,622,\N,\N,Chico Landi
623,623,\N,\N,Alberto Uria
624,624,\N,\N,Hernando da Silva Ramos
625,625,\N,\N,Élie Bayol
626,626,\N,\N,Robert Manzon
627,627,\N,\N,Louis Rosier
628,628,\N,\N,Bob Sweikert
629,629,\N,\N,Cliff Griffith
630,630,\N,\N,Duke Dinsmore
631,631,\N,\N,Keith Andrews
632,632,\N,\N,Paul Frère
633,633,\N,\N,Luigi Villoresi
634,634,\N,\N,Piero Scotti
635,635,\N,\N,Colin Chapman
636,636,\N,\N,Desmond Titterington
637,637,\N,\N,Archie Scott Brown
638,638,\N,\N,Ottorino Volonterio
639,639,\N,\N,André Milhoux
640,640,\N,\N,Toulo de Graffenried
641,641,\N,\N,Piero Taruffi
642,642,\N,\N,Nino Farina
643,643,\N,\N,Roberto Mieres
644,644,\N,\N,Sergio Mantovani
645,645,\N,\N,Clemar Bucci
646,646,\N,\N,Jesús Iglesias
647,647,\N,\N,Alberto Ascari
648,648,\N,\N,Karl Kling
649,649,\N,\N,Pablo Birger
650,650,\N,\N,Jacques Pollet
651,651,\N,\N,Lance Macklin
652,652,\N,\N,Ted Whiteaway
653,653,\N,\N,Jimmy Davies
654,654,\N,\N,Walt Faulkner
655,655,\N,\N,Cal Niday
656,656,\N,\N,Art Cross
657,657,\N,\N,Bill Vukovich
658,658,\N,\N,Jack McGrath
659,659,\N,\N,Jerry Hoyt
660,660,\N,\N,Johnny Claes
661,661,\N,\N,Peter Walker
662,662,\N,\N,Mike Sparken
663,663,\N,\N,Ken Wharton
664,664,\N,\N,Kenneth McAlpine
665,665,\N,\N,Leslie Marr
666,666,\N,\N,Tony Rolt
667,667,\N,\N,John Fitch
668,668,\N,\N,Jean Lucas
669,669,\N,\N,Prince Bira
670,670,\N,\N,Onofre Marimón
671,671,\N,\N,Roger Loyer
672,672,\N,\N,Jorge Daponte
673,673,\N,\N,Mike Nazaruk
674,674,\N,\N,Larry Crockett
675,675,\N,\N,Manny Ayulo
676,676,\N,\N,Frank Armi
677,677,\N,\N,Travis Webb
678,678,\N,\N,Len Duncan
679,679,\N,\N,Ernie McCoy
680,680,\N,\N,Jacques Swaters
681,681,\N,\N,Georges Berger
682,682,\N,\N,Don Beauman
683,683,\N,\N,Leslie Thorne
684,684,\N,\N,Bill Whitehouse
685,685,\N,\N,John Riseley-Prichard
686,686,\N,\N,Reg Parnell
687,687,\N,\N,Peter Whitehead
688,688,\N,\N,Eric Brandon
689,689,\N,\N,Alan Brown
690,690,\N,\N,Rodney Nuckey
691,691,\N,\N,Hermann Lang
692,692,\N,\N,Theo Helfrich
693,693,\N,\N,Fred Wacker
694,694,\N,\N,Giovanni de Riu
695,695,\N,\N,Oscar Gálvez
696,696,\N,\N,John Barber
697,697,\N,\N,Felice Bonetto
698,698,\N,\N,Adolfo Cruz
699,699,\N,\N,Duke Nalon
700,700,\N,\N,Carl Scarborough
701,701,\N,\N,Bill Holland
702,702,\N,\N,Bob Scott
703,703,\N,\N,Arthur Legat
704,704,\N,\N,Yves Cabantous
705,705,\N,\N,Tony Crook
706,706,\N,\N,Jimmy Stewart
707,707,\N,\N,Ian Stewart
708,708,\N,\N,Duncan Hamilton
709,709,\N,\N,Ernst Klodwig
710,710,\N,\N,Rudolf Krause
711,711,\N,\N,Oswald Karch
712,712,\N,\N,Willi Heeks
713,713,\N,\N,Theo Fitzau
714,714,\N,\N,Kurt Adolff
715,715,\N,\N,Günther Bechem
716,716,\N,\N,Erwin Bauer
717,717,\N,\N,Hans von Stuck
718,718,\N,\N,Ernst Loof
719,719,\N,\N,Albert Scherrer
720,720,\N,\N,Max de Terra
721,721,\N,\N,Peter Hirt
722,722,\N,\N,Piero Carini
723,723,\N,\N,Rudi Fischer
724,724,\N,\N,Toni Ulmen
725,725,\N,\N,George Abecassis
726,726,\N,\N,George Connor
727,727,\N,\N,Jim Rigsby
728,728,\N,\N,Joe James
729,729,\N,\N,Bill Schindler
730,730,\N,\N,George Fonder
731,731,\N,\N,Henry Banks
732,732,\N,\N,Johnny McDowell
733,733,\N,\N,Chet Miller
734,734,\N,\N,Bobby Ball
735,735,\N,\N,Charles de Tornaco
736,736,\N,\N,Roger Laurent
737,737,\N,\N,Robert O'Brien
738,738,\N,\N,Tony Gaze
739,739,\N,\N,Robin Montgomerie-Charrington
740,740,\N,\N,Franco Comotti
741,741,\N,\N,Philippe Étancelin
742,742,\N,\N,Dennis Poore
743,743,\N,\N,Eric Thompson
744,744,\N,\N,Ken Downing
745,745,\N,\N,Graham Whitehead
746,746,\N,\N,Gino Bianco
747,747,\N,\N,David Murray
748,748,\N,\N,Eitel Cantoni
749,749,\N,\N,Bill Aston
750,750,\N,\N,Adolf Brudes
751,751,\N,\N,Fritz Riess
752,752,\N,\N,Helmut Niedermayr
753,753,\N,\N,Hans Klenk
754,754,\N,\N,Marcel Balsa
755,755,\N,\N,Rudolf Schoeller
756,756,\N,\N,Paul Pietsch
757,757,\N,\N,Josef Peters
758,758,\N,\N,Dries van der Lof
759,759,\N,\N,Jan Flinterman
760,760,\N,\N,Piero Dusio
761,761,\N,\N,Alberto Crespo
762,762,\N,\N,Franco Rol
763,763,\N,\N,Consalvo Sanesi
764,764,\N,\N,Guy Mairesse
765,765,\N,\N,Henri Louveau
766,766,\N,\N,Lee Wallard
767,767,\N,\N,Carl Forberg
768,768,\N,\N,Mauri Rose
769,769,\N,\N,Bill Mackey
770,770,\N,\N,Cecil Green
771,771,\N,\N,Walt Brown
772,772,\N,\N,Mack Hellings
773,773,\N,\N,Pierre Levegh
774,774,\N,\N,Eugène Chaboud
775,775,\N,\N,Aldo Gordini
776,776,\N,\N,Joe Kelly
777,777,\N,\N,Philip Fotheringham-Parker
778,778,\N,\N,Brian Shawe Taylor
779,779,\N,\N,John James
780,780,\N,\N,Toni Branca
781,781,\N,\N,Ken Richardson
782,782,\N,\N,Juan Jover
783,783,\N,\N,Georges Grignard
784,784,\N,\N,David Hampshire
785,785,\N,\N,Geoff Crossley
786,786,\N,\N,Luigi Fagioli
787,787,\N,\N,Cuth Harrison
788,788,\N,\N,Joe Fry
789,789,\N,\N,Eugène Martin
790,790,\N,\N,Leslie Johnson
791,791,\N,\N,Clemente Biondetti
792,792,\N,\N,Alfredo Pián
793,793,\N,\N,Raymond Sommer
794,794,\N,\N,Joie Chitwood
795,795,\N,\N,Myron Fohr
796,796,\N,\N,Walt Ader
797,797,\N,\N,Jackie Holmes
798,798,\N,\N,Bayliss Levrett
799,799,\N,\N,Jimmy Jackson
800,800,\N,\N,Nello Pagani
801,801,\N,\N,Charles Pozzi
802,802,\N,\N,Dorino Serafini
803,803,\N,\N,Bill Cantrell
804,804,\N,\N,Johnny Mantz
805,805,\N,\N,Danny Kladis
806,806,\N,\N,Óscar González
807,807,27,HUL,Nico Hülkenberg
808,808,\N,PET,Vitaly Petrov
809,810,\N,DIG,Lucas di Grassi
810,811,\N,SEN,Bruno Senna
811,812,\N,CHA,Karun Chandhok
812,813,13,MAL,Pastor Maldonado
813,814,\N,DIR,Paul di Resta
814,815,11,PER,Sergio Pérez
815,816,\N,DAM,Jérôme d'Ambrosio
816,817,3,RIC,Daniel Ricciardo
817,818,25,VER,Jean-Éric Vergne
818,819,\N,PIC,Charles Pic
819,820,4,CHI,Max Chilton
820,821,21,GUT,Esteban Gutiérrez
821,822,77,BOT,Valtteri Bottas
822,823,\N,VDG,Giedo van der Garde
823,824,17,BIA,Jules Bianchi
824,825,20,MAG,Kevin Magnussen
825,826,26,KVY,Daniil Kvyat
826,827,45,LOT,André Lotterer
827,828,9,ERI,Marcus Ericsson
828,829,28,STE,Will Stevens
829,830,33,VER,Max Verstappen
830,831,12,NAS,Felipe Nasr
831,832,55,SAI,Carlos Sainz
832,833,98,MER,Roberto Merhi
833,834,53,RSS,Alexander Rossi
834,835,30,PAL,Jolyon Palmer
835,836,94,WEH,Pascal Wehrlein
836,837,88,HAR,Rio Haryanto
837,838,2,VAN,Stoffel Vandoorne
838,839,31,OCO,Esteban Ocon
839,840,18,STR,Lance Stroll
840,841,99,GIO,Antonio Giovinazzi
841,843,28,HAR,Brendon Hartley
842,844,16,LEC,Charles Leclerc
843,845,35,SIR,Sergey Sirotkin
844,846,4,NOR,Lando Norris
845,847,63,RUS,George Russell
846,848,23,ALB,Alexander Albon
847,849,6,LAT,Nicholas Latifi
848,850,51,FIT,Pietro Fittipaldi
849,851,89,AIT,Jack Aitken
850,852,22,TSU,Yuki Tsunoda
851,853,9,MAZ,Nikita Mazepin
852,854,47,MSC,Mick Schumacher
853,855,24,ZHO,Guanyu Zhou
854,856,45,DEV,Nyck de Vries
855,857,81,PIA,Oscar Piastri
856,858,2,SAR,Logan Sargeant
